text,source,time
US stock market ends 2025 on a high note after volatile year,BBC,31 Dec 2025
Walmart becomes first retailer to hit $1tn market value,BBC,2 hrs ago
Gold and silver prices hit high after tariff threat,BBC,19 Jan 2026
Change aims to make credit card access 'simpler',BBC,8 days ago
Musk's SpaceX and xAI merge to make world's most valuable private company,BBC,10 hrs ago
What's going on with the price of gold?,BBC,4 hrs ago
"Over 700,000 graduates out of work and claiming benefits, analysis suggests",BBC,26 Jan 2026
City's market traders return after relocation row,BBC,20 Jan 2026
Average house prices fall but rents increase,BBC,12 Jan 2026
More funding for on-street EV charging points,BBC,26 Jan 2026
Council will not defend appeal over homes refusal,BBC,5 days ago
Why the US dollar hit a four-year low and could fall further,BBC,5 days ago
US Fed holds interest rates and defends independence,BBC,6 days ago
Free skateboard workshops for half-term holiday,BBC,18 Jan 2026
Illicit tobacco and vapes worth £150k seized,BBC,6 days ago
Shop for small businesses shuts after low sales,BBC,14 Jan 2026
"'My rent almost doubled, it was a harrowing experience'",BBC,6 days ago
Redesigned Ossett town centre murals approved,BBC,26 Jan 2026
Free holiday swimming for thousands of children,BBC,21 Jan 2026
Dubai chocolate-inspired dessert takes S Korea by storm,BBC,14 Jan 2026
Apple reports best-ever iPhone sales as Mac dips,BBC,5 days ago
Hiring woes and 'super high' prices: Voters say Trump's progress on the US economy is mixed,BBC,19 Jan 2026
Vietnam's leader returns to power with bold promises. Can he deliver?,BBC,23 Jan 2026
UK bans Coinbase ads implying crypto can ease cost of living concerns,BBC,5 days ago
"Vets under corporate pressure to increase revenue, BBC told",BBC,12 Jan 2026
MP seeks urgent meeting over factory workers facing redundancy,BBC,21 Jan 2026
Can Fulham keep hold of 'incredible' Wilson?,BBC,8 Jan 2026
Trump raises US tariffs on South Korea imports to 25%,BBC,7 days ago
New £7m urgent treatment centre to open in hospital,BBC,26 Jan 2026
Swansea to southwest England ferry proposal gets public support,BBC,10 Jan 2026
Five ways weight-loss jabs are changing spending habits in the UK,BBC,25 Jan 2026
The Italian city where life is sweetest in winter,BBC,2 days ago
"FTSE 100 hits 10,000 mark for first time",BBC,2 Jan 2026
Police to evict officers and families from homes,BBC,6 days ago
Melania Trump documentary not showing in South African cinemas,BBC,5 days ago
India's thriving online delivery platforms face a year of reckoning,BBC,19 Jan 2026
Tesco and M&S report strong  Christmas food sales,BBC,8 Jan 2026
Trump's shadow looms over India-EU trade deal,BBC,7 days ago
'Dangerous' asbestos waste dumped at beauty spot,BBC,21 Jan 2026
Will Trump's pick to lead US central bank get him the change he wants?,BBC,4 days ago
Village 'shock' at East West Rail depot plans,BBC,2 days ago
Stunned fans celebrate biggest ever FA Cup shock,BBC,10 Jan 2026
Farmers dismayed at 'pouring milk down the drain',BBC,15 Jan 2026
Sir Jonathan Pryce revisits 'land of my fathers' in latest role,BBC,5 days ago
Starbucks bets on robots to brew a turnaround in customers,BBC,2 days ago
Black market medications warning as millions of pills seized,BBC,4 Jan 2026
China to crack down on AI firms to protect kids,BBC,30 Dec 2025
Tories call for two-child cap on Scottish Child Payment,BBC,6 days ago
"'I don't feel safe in my own shop', says bookseller",BBC,26 Jan 2026
'Buying an electric car was my stupidest decision',BBC,5 days ago
'Things had to change on terrifying estate',BBC,19 Jan 2026
Paedophile head teacher said he liked schoolgirls,BBC,7 days ago
UK crypto users forced to share account details with tax officials,BBC,1 Jan 2026
US oil companies gain after seizure of Venezuela's Maduro,BBC,5 Jan 2026
Thousands of people attend Straw Bear Festival,BBC,18 Jan 2026
"Anonymous crypto gambler made $436,000 on Maduro capture",BBC,5 Jan 2026
Former Fed chairs condemn criminal investigation into Jerome Powell,BBC,12 Jan 2026
Gold and silver see rollercoaster end to blockbuster year,BBC,31 Dec 2025
Octopus Energy to spin off $8.65bn tech arm Kraken,BBC,30 Dec 2025
"My dog's treatment cost £1,600 - vet bills are shocking",BBC,6 days ago
New fleet of bin lorries to be fuelled by cooking oil,BBC,9 Jan 2026
Dalot 'would have been given red card in Europe',BBC,19 Jan 2026
How could Europe respond to Trump's Greenland tariffs?,BBC,19 Jan 2026
This tiny Australian town is up for sale - but the locals don't want to leave,BBC,4 days ago
'Niggly' Mann aims to get under England's skin,BBC,3 hrs ago
Can a council do five days' work in four?,BBC,26 Jan 2026
Hasty or a shrewd move? Madrid in shock at swift Arbeloa appointment,BBC,14 Jan 2026
Factory closure plan could lead to 125 jobs losses,BBC,8 Jan 2026
China's BYD overtakes Tesla as world's top EV seller,BBC,2 Jan 2026
Are fans being turned off multi-club ownership model?,BBC,12 Jan 2026
'Meat buying habits have changed and the high street has declined',BBC,31 Dec 2025
Celebrating 'authentic football culture' in photos of former stadium,BBC,24 Jan 2026
Why everything from your phone to your PC may get pricier in 2026,BBC,2 Jan 2026
An ingredient for this curry is missing - and in eight minutes it's at the door,BBC,4 days ago
Chicken in many school dinners imported from China and Thailand,BBC,14 hrs ago
Fed chair Powell hits out at 'unprecedented' probe by US justice department,BBC,12 Jan 2026
Five Peterborough stories you might have missed,BBC,17 Jan 2026
Ice warning after Storm Goretti brings school closures and travel disruption,BBC,9 Jan 2026
Abandoned baby Elsa to be adopted and regularly see two siblings,BBC,8 Jan 2026
Why are more bosses sharing the top job?,BBC,13 Jan 2026
Man's thanks after wife and daughter hit by tractor,BBC,5 Jan 2026
The 'magical' blue flower changing farmers' fortunes in India,BBC,6 Jan 2026
UK homes to get £15bn for solar and green tech to cut energy bills,BBC,21 Jan 2026
"Dry January, teetotalism and dangers of the 'demon drink'",BBC,17 Jan 2026
'Africa is full of surprises': YouTube star brings tears of joy on 20-nation tour,BBC,18 Jan 2026
'Working in a chippy at 14 made us more confident',BBC,5 Jan 2026
AI robots and plastic made from peas - science to watch in 2026,BBC,7 Jan 2026
Condom tax and cheaper childcare: China's plan to boost birth rates,BBC,31 Dec 2025
'We sell antique jewels across the globe from our Yorkshire shops',BBC,27 Dec 2025
J.P. Morgan submits new building and car park plans,BBC,24 Dec 2025
Schools want help in 'lonely battle' against vapes,BBC,7 Jan 2026
Tech stocks to drive growth next year,BBC,19 Dec 2025
Sound of 2026: Reluctant rockers Royel Otis tipped for success,BBC,5 Jan 2026
Why are young Britons leaving to work abroad?,BBC,29 Dec 2025
The myth of willpower - and why some people struggle to lose weight more than others,BBC,5 Jan 2026
Families urged to seek help amid festive stress,BBC,19 Dec 2025
Santa axed as new shopping centre owners revealed,BBC,19 Dec 2025
'Are you not entertained?': Why two-dayer was no less of a Test,BBC,27 Dec 2025
Homeowners want end to 'extortionate' service fees,BBC,29 Dec 2025
'Iconic' city centre vintage shop to close,BBC,21 Dec 2025
Christmas market trade down on two years ago,BBC,12 Dec 2025
STV journalists to strike day after radio station launch,BBC,23 Dec 2025
Petition started to protect city market's pigeons,BBC,18 Dec 2025
Five arrested over plot to attack German Christmas market,BBC,14 Dec 2025
E-scooter warnings issued ahead of Christmas,BBC,20 Dec 2025
Council at risk over £51m loan to housing company,BBC,16 Dec 2025
Rail journeys to supermarket opening times: Your complete guide to Christmas,BBC,24 Dec 2025
"Why your chocolate is getting smaller, more expensive and less chocolatey",BBC,13 Dec 2025
Market town's food bank demand triples,BBC,15 Dec 2025
'No fear' but spectacle and serious risk looms large over Paul v Joshua,BBC,19 Dec 2025
Round-up 2025: Review of the Year,BBC,31 Dec 2025
'Light your menorah and be proudly Jewish',BBC,16 Dec 2025
US markets edge up at stock market open,BBC,24 Nov 2025
This billionaire tested China's limits. It cost him his freedom,BBC,20 Dec 2025
"Council concern at more than 1,000 Exertis job cuts",BBC,13 Dec 2025
'Fire left market like a wartime bomb site in heart of city',BBC,13 Dec 2025
'Kids have been crying as council shut my toy shop',BBC,10 Dec 2025
Man who stole from Boots three times in a day jailed,BBC,9 Dec 2025
Crews on standby for heavy rain 'major incident',BBC,14 Dec 2025
Scotland's energy - election common ground or battleground?,BBC,14 Dec 2025
"Ben & Jerry's brand could be destroyed, says co-founder",BBC,9 Dec 2025
"Trump vows to make US affordable again, as Americans feel the pinch",BBC,10 Dec 2025
Oracle shares slide as earnings fail to ease AI bubble fears,BBC,11 Dec 2025
Volcanic eruption may have triggered Europe's deadly Black Death plague,BBC,4 Dec 2025
The new breed of 'shoplifting entrepreneurs' fuelling the UK's petty crime problem,BBC,12 Dec 2025
"Tiger teeth, dried seahorses and shark fins sold illegally on Facebook, BBC finds",BBC,11 Dec 2025
Asylum hotel firm returns almost £14m in profits,BBC,16 Dec 2025
Taylor Swift shown breaking down in tears after she met Southport attack families,BBC,12 Dec 2025
Christmas markets 'pricey but we love it',BBC,7 Dec 2025
Renewable energy generation 'sliding backwards' as figures dip,BBC,5 Dec 2025
Is there a stock market crash coming?,BBC,22 Nov 2025
What went wrong with Gloucester City Council's finances?,BBC,13 Dec 2025
STV journalists vote to strike over plans to cut news show,BBC,8 Dec 2025
'Roadworks have hit our trade harder than Covid',BBC,8 Dec 2025
Bank of England warns of AI bubble risk,BBC,2 Dec 2025
"Tax rises and tighter spending to hold back UK growth, OECD says",BBC,2 Dec 2025
"We would sell books by AI, says Waterstones boss",BBC,5 Dec 2025
Dell family to seed Trump accounts for kids with $250,BBC,2 Dec 2025
'Zipcar closure means I may have to buy a car',BBC,6 Dec 2025
Ukraine hits tankers in Black Sea in escalation against Russia,BBC,30 Nov 2025
Pair's festive engagement under 'Mr Zippy' Santa goes viral,BBC,4 Dec 2025
I have high levels of forever chemicals in my blood - what can I do about it?,BBC,1 Dec 2025
WHO warning over shortage of obesity jabs,BBC,1 Dec 2025
"Labour running scared over mayor reform, says Tory",BBC,4 Dec 2025
'We made charity shops look like designer stores',BBC,1 Dec 2025
"Flowers left after girl, 16, killed in bus crash",BBC,3 Dec 2025
"Care costs are killing us, council warns",BBC,27 Nov 2025
OBR head's resignation leaves potential landmines for Reeves,BBC,2 Dec 2025
Greek sheep and goat cull raises fears of feta cheese shortage,BBC,1 Dec 2025
How do Surrey businesses feel about the Budget?,BBC,27 Nov 2025
Ealing cracks down on homes in multiple occupation,BBC,26 Nov 2025
"Real anxiety among farmers over bluetongue virus, minister says",BBC,1 Dec 2025
College's business park campus plans resubmitted,BBC,27 Nov 2025
Data reveals rise in empty homes in North East,BBC,29 Nov 2025
'Our demolition-threatened homes are not for sale',BBC,29 Nov 2025
"Labour MPs urged to 'unite for Budget' and '1,000 abuse victims safer'",BBC,25 Nov 2025
US and Asia stocks slide as AI jitters persist,BBC,21 Nov 2025
When will the cash Isa saving limits change?,BBC,27 Nov 2025
Chancellor urged to raise taxes on 'harmful' online gambling,BBC,25 Nov 2025
Traders' plea for stability as shopping spend falls,BBC,26 Nov 2025
Nightclub door staff trained to keep women safe,BBC,26 Nov 2025
US jobs saw surprising jump in September after slow summer,BBC,20 Nov 2025
Budget 2025: What's the best and worst that could happen for Labour?,BBC,29 Nov 2025
"'We worry more about food', say Venezuelans living under threat of US military action",BBC,23 Nov 2025
Council's healthier takeaway scheme 'challenging',BBC,21 Nov 2025
What do businesses want from a balancing act Budget?,BBC,25 Nov 2025
The curious case of why Poundland is struggling during a cost-of-living crisis,BBC,21 Nov 2025
Why falling markets won’t deflate the AI boom,BBC,18 Nov 2025
Wolff sells £230m stake valuing Mercedes F1 at £4.6bn,BBC,20 Nov 2025
Baby Shark: How a 90-second clip created a $400m business,BBC,18 Nov 2025
'Panic and confusion' over machetes at festive event,BBC,21 Nov 2025
Nvidia shares rise after strong results ease 'AI bubble' concerns,BBC,20 Nov 2025
Scottish farmers 'at last' make returns as beef prices soar,BBC,19 Nov 2025
"Chinese land, US radar and ties to Taiwan: The geopolitics rattling a tiny Pacific nation",BBC,24 Nov 2025
The contradiction at the heart of the trillion-dollar AI race,BBC,19 Nov 2025
Bus firm steps in as First Bus plans to leave,BBC,21 Nov 2025
The pioneering dairy farmer keeping calves with their mothers,BBC,20 Nov 2025
Russian envoy Kirill Dmitriev: Putin propagandist or key to peace with Ukraine?,BBC,21 Nov 2025
Google boss says trillion-dollar AI investment boom has 'elements of irrationality',BBC,18 Nov 2025
Shopping centre entrance closure 'has killed trade',BBC,19 Nov 2025
Fireworks organisers 'devastated' over congestion,BBC,17 Nov 2025
Christmas market event back on in Yorkshire town,BBC,14 Nov 2025
Scottish government aiming to issue first bonds in 2026-27,BBC,13 Nov 2025
UK government will not financially support Mossmorran,BBC,18 Nov 2025
India's start-ups fire up public markets amid valuation concerns,BBC,12 Nov 2025
'Big disappointment' as Christmas market cancelled,BBC,13 Nov 2025
Lumiere over the years in nine glowing pictures,BBC,16 Nov 2025
UK billionaire Joe Lewis receives pardon from Trump,BBC,13 Nov 2025
Pharmacist suspended after BBC Botox sting,BBC,11 Nov 2025
Final Lumiere under way but is it really the end?,BBC,14 Nov 2025
Bearing plant closure plans a 'betrayal' to staff,BBC,12 Nov 2025
Children in Need marked across the West Country,BBC,14 Nov 2025
Airlines step in to rescue Blue Islands passengers,BBC,15 Nov 2025
'Big surprise' as almshouse artwork valued at £3.5m,BBC,14 Nov 2025
"Farmer to pay almost £40,000 after slurry pollution",BBC,7 Nov 2025
Scammers target Christmas tractor charity event,BBC,7 Nov 2025
Man jailed over illegal cigarettes and tobacco,BBC,7 Nov 2025
Trader who inspired The Big Short bets against AI as tech shares fall,BBC,5 Nov 2025
Elon Musk's $1tn pay deal approved by Tesla shareholders,BBC,7 Nov 2025
Shop loses licence over underage drink sales,BBC,6 Nov 2025
How to get to Durham Lumiere and where to park,BBC,7 Nov 2025
Why Palace conquerors Larnaca should worry Aberdeen,BBC,6 Nov 2025
Reform UK opts to halt sale of council farm estate,BBC,5 Nov 2025
Plans to cut affordable homes at estate rejected,BBC,6 Nov 2025
Calls to tackle 'doom and hell' street preachers,BBC,5 Nov 2025
Three Roman skeletons found buried under car park,BBC,6 Nov 2025
'Left out' boy creates winning playground design,BBC,4 Nov 2025
Investigation launched into fatal plane crash,BBC,3 Nov 2025
Tesla says Musk should be paid $1tn - will shareholders agree?,BBC,5 Nov 2025
Criminal network behind UK mini-marts enables migrants to work illegally - BBC investigation,BBC,5 Nov 2025
Tenants welcome changes to law on renting,BBC,4 Nov 2025
Retiring greengrocer 'looking forward to lie-in',BBC,1 Nov 2025
"Sabotage, betrayal, secrecy... and recycling",BBC,1 Nov 2025
Police warning to Toyota car owners after thefts,BBC,31 Oct 2025
Nvidia hits new milestone as world's first $5tn company,BBC,29 Oct 2025
High demand and short supply for rented housing,BBC,31 Oct 2025
City e-bike hire scheme in 'very early stages',BBC,30 Oct 2025
Apple claims 'tremendous' global uptake of latest iPhones,BBC,30 Oct 2025
FA Cup round-up: Gateshead and Carlisle provide shocks,BBC,1 Nov 2025
"Young Russians are being seduced by a cheap, dangerous weight-loss pill called Molecule",BBC,2 Nov 2025
What does Piastri need to do to get back on track?,BBC,4 Nov 2025
The US bet big with Argentina bailout - is it paying off?,BBC,31 Oct 2025
SNAP benefits: When will the US government shutdown halt food stamps?,BBC,31 Oct 2025
OpenAI completes shift to becoming for-profit,BBC,28 Oct 2025
'Pick your battles' warning after housing refused,BBC,29 Oct 2025
Andrew fixed palace visit for firm with £1.4m deal with ex-wife,BBC,2 Nov 2025
Pornhub says UK visitors down 77% since age checks came in,BBC,31 Oct 2025
'I'm bringing Frankenstein's author back to life',BBC,31 Oct 2025
Why so many UK homes are still dangerously mouldy - years after this toddler died,BBC,27 Oct 2025
"Trade, tariffs and TikTok: Why it matters that Trump and Xi are talking again",BBC,30 Oct 2025
The bamboo buildings that sway in earthquakes,BBC,29 Oct 2025
How nervous are investors about the stock market?,BBC,17 Oct 2025
Fears over US banks cause stock market jitters,BBC,17 Oct 2025
City centre to suburb walk and wheel plan approved,BBC,26 Oct 2025
The 92-year-old president who never loses,BBC,28 Oct 2025
Trump's week in Asia: BBC correspondents on the wins and potential losses,BBC,26 Oct 2025
'I'm a disabled homeowner - can I afford to be ill?',BBC,26 Oct 2025
"Why Beyond Meat shares surged over 1,000% in four days",BBC,22 Oct 2025
Hotel chain buys Shipley site as part of expansion,BBC,25 Oct 2025
How irretrievable breakdown led to savage separation for Rodgers & Celtic,BBC,28 Oct 2025
"Who is Anwar Ibrahim, the Malaysian leader who helped Trump preside over a 'peace deal'?",BBC,28 Oct 2025
Labubu maker sees sales soar after launch of mini version of toy,BBC,22 Oct 2025
Is there a crash coming?,BBC,23 Oct 2025
Wearside and County Durham stories you might have missed,BBC,26 Oct 2025
Temu agrees to remove rip-off greeting cards from its site more quickly,BBC,22 Oct 2025
Tesla profits slide despite record revenue,BBC,23 Oct 2025
Government open to renegotiating freight rate,BBC,21 Oct 2025
Why people are struggling to get their meds,BBC,22 Oct 2025
"My house cost $150,000 more to build even before new tariffs hit",BBC,21 Oct 2025
Warner Bros Discovery explores sale citing buyer interest,BBC,21 Oct 2025
"Slater gave 'guarantee' on bottle return scheme, court told",BBC,21 Oct 2025
Shops using WhatsApp to evade vape raids - council,BBC,21 Oct 2025
Is Yorkshire turning into a banking desert?,BBC,23 Oct 2025
How cult horror film Re-Animator pushed the limits of gore,BBC,22 Oct 2025
The £5.30 orange juice that shows why UK supermarket prices are sky-high,BBC,22 Oct 2025
Paisley named Town of the Year for 'remarkable' revival,BBC,24 Oct 2025
Coast to be lit up in 'celebration of community',BBC,21 Oct 2025
"Bankers on edge, a gilded cash room and US blaming China - my week with global finance elite",BBC,19 Oct 2025
Arrests after violent protest outside Dublin migrant hotel,BBC,22 Oct 2025
"Shock, sadness and hope over light festival demise",BBC,20 Oct 2025
